text,label
Should I focus on revising the subjects I’m weakest at for the exam?,Exam
I need to organize my study materials for the exam.,Exam
How do I stay calm during an exam?,Exam
How do I break down a long exam into manageable sections?,Exam
Attending crash courses for exam revision.,Exam
How do I make a study plan for the upcoming exam?,Exam
How do I prepare for an oral exam?,Exam
What are the best study techniques for an upcoming exam?,Exam
Can I reschedule my exam if I’m sick?,Exam
Should I review the textbook before the exam?,Exam
What should I focus on the night before the exam?,Exam
Should I take breaks while studying for the exam?,Exam
What are some strategies for answering multiple-choice questions in an exam?,Exam
How do I approach a challenging exam question?,Exam
Are there specific tips for acing a timed exam?,Exam
What should I do if I forget an answer during the exam?,Exam
Trying to finish the syllabus before the exam day.,Exam
How do I stay motivated to study for the exam?,Exam
I’m stressing over this upcoming final exam.,Exam
How do I deal with exam pressure?,Exam
Trying group study for upcoming subject test.,Exam
Solving previous year questions for better exam strategy.,Exam
Do I need to memorize formulas for my math exam?,Exam
What are some common mistakes students make during exams?,Exam
What happens if I miss an exam?,Exam
When should I start studying for the SAT?,Exam
How do I focus better while studying for the exam?,Exam
How do I tackle a case study for my exam?,Exam
What’s the most efficient way to study for a final exam?,Exam
What’s the best way to deal with test anxiety?,Exam
Revising notes for the biology midterm.,Exam
Can I pass my exam if I only study for two days?,Exam
How do I retain all the information for an upcoming exam?,Exam
How do I prevent burnout during exam preparation?,Exam
How do I prepare for this exam that is going to be in 2 weeks?,Exam
What’s the best way to study for a multiple-choice exam?,Exam
How do I balance study and sleep before my exam?,Exam
Is it worth studying the entire textbook for the exam?,Exam
What should I do if I get stuck during the exam?,Exam
Going through past question papers for my economics exam.,Exam
I want to get better at memorizing information for my exam.,Exam
Any advice on handling exam anxiety?,Exam
How should I divide my time between studying and relaxing before the exam?,Exam
Can I use a cheat sheet during this exam?,Exam
How do I prepare for an exam with limited time?,Exam
Should I create a study schedule for my exam?,Exam
Solving sample papers for my upcoming exams.,Exam
Should I focus on understanding concepts or memorization for the exam?,Exam
I should focus on problem-solving strategies for my exam.,Exam
I’m taking a standardized exam; what should I expect?,Exam
What are the best ways to study for a math exam?,Exam
Should I study more with practice questions or review notes?,Exam
How do I calm my nerves before a big exam?,Exam
How do I study for a computer science exam?,Exam
I need to recap all major topics before tomorrow’s exam.,Exam
Can I study the night before my exam and still do well?,Exam
How do I prepare for a final exam in a subject I’m struggling with?,Exam
How do I manage time during a 3-hour exam?,Exam
How do I stay positive during exam preparation?,Exam
I’m not confident about the material for my exam.,Exam
How do I organize my time for exam preparation?,Exam
How can I improve my exam performance?,Exam
What should I focus on for this midterm exam?,Exam
How do I reduce stress before the exam?,Exam
Preparing a timetable to revise all subjects for the final.,Exam
What’s the best way to prepare for an oral exam?,Exam
I need to take a practice exam to see where I stand.,Exam
How can I make my study sessions more effective before the exam?,Exam
Do I need to take practice exams for my upcoming test?,Exam
I need to memorize a lot of content for my upcoming exam.,Exam
I need tips on how to manage my time during the exam.,Exam
Do I need to memorize every single detail for my exam?,Exam
Do I need to memorize all the definitions for the exam?,Exam
Should I study the course material or just focus on practice exams?,Exam
How do I keep calm when I don’t know the answer on an exam?,Exam
Studying for the final chemistry test next week.,Exam
I need to review my notes before the exam.,Exam
I don't understand this concept; it might be on the exam.,Exam
How can I improve my exam technique?,Exam
I’ve got an exam coming up and I need to study!,Exam
I’m going to fail my exam if I don't pass this next test.,Exam
I need to revise all my notes before my exam.,Exam
What are the most common types of questions on this exam?,Exam
Should I use flashcards for my exam?,Exam
I feel like I haven't studied enough for this exam.,Exam
How do I find balance between studying and maintaining mental health?,Exam
Making flashcards to study for tomorrow’s statistics exam.,Exam
Can I still do well on my exam if I don’t have time to review everything?,Exam
How do I revise effectively for my final exam?,Exam
How do I balance studying and taking care of myself before the exam?,Exam
I’m organizing study materials for test prep.,Exam
Can you give me some last-minute exam tips?,Exam
How do I make a study plan for my exam?,Exam
I need help with studying for an oral exam.,Exam
Watching revision videos for my CS exam.,Exam
How do I overcome my fear of taking exams?,Exam
What should I do if I feel exhausted during the exam?,Exam
How do I keep calm during a stressful exam?,Exam
How should I handle stress during my exam?,Exam
What are the best techniques for studying for multiple exams?,Exam
Can I skip studying for a subject if I already know it well?,Exam
How do I handle tough questions in my final exam?,Exam
What are some common mistakes to avoid during an exam?,Exam
Focused on practicing for the physics paper.,Exam
I feel like I’m not ready for this exam.,Exam
How do I handle the pressure during a timed exam?,Exam
Should I focus on weak subjects first when preparing for my exam?,Exam
Working on mock tests to prepare for entrance exams.,Exam
How do I maintain focus during a long exam?,Exam
I need to go over my notes before my final exam.,Exam
How can I improve my test-taking strategies?,Exam
What are common mistakes students make during finals?,Exam
Can I use a calculator during this exam?,Exam
How do I prioritize topics for my exam?,Exam
Trying to memorize history dates for the upcoming quiz.,Exam
Can someone help me with last-minute revision tips for my exam?,Exam
I need to focus on my weak areas before the exam.,Exam
Should I focus on multiple-choice or essay questions for the exam?,Exam
What’s the best strategy for acing a multiple-choice exam?,Exam
I need to make sure I know everything for this exam.,Exam
How do I become proficient at negotiation?,Mastery
I need to get better at public speaking.,Mastery
What are the key steps to mastering a musical instrument?,Mastery
I want to master the skills of critical thinking.,Mastery
How do I improve my understanding of nutrition?,Mastery
How do I become an expert in video editing?,Mastery
I want to improve my social media marketing skills.,Mastery
How do I move from basic knowledge to mastery?,Mastery
How do I become proficient in business development?,Mastery
I want to improve my knowledge of history.,Mastery
I want to become fluent in French.,Mastery
How do I improve my understanding of machine learning algorithms?,Mastery
What’s the best way to master public speaking?,Mastery
I want to learn how to perfect my writing skills.,Mastery
I need to study human psychology more deeply.,Mastery
I need to improve my understanding of calculus.,Mastery
I need to improve my ability to read financial statements.,Mastery
I need to improve my programming skills.,Mastery
I need to practice speaking in public more.,Mastery
How do I learn the piano?,Mastery
I need to increase my understanding of this subject.,Mastery
How do I improve my ability to write essays?,Mastery
Is there a faster way to master this subject?,Mastery
I want to become proficient in video production.,Mastery
How do I improve my writing skills?,Mastery
I want to become proficient in business analytics.,Mastery
How do I deepen my knowledge of the human mind?,Mastery
I want to learn more about data science.,Mastery
I want to be better at time management.,Mastery
How do I improve my research skills?,Mastery
How can I improve my time management skills?,Mastery
I want to master the art of productivity.,Mastery
I want to improve my project management skills.,Mastery
I want to understand marketing better.,Mastery
I want to be able to teach this subject at an advanced level.,Mastery
I want to be more proficient in data visualization.,Mastery
I need to improve my public relations strategies.,Mastery
I need to understand this theory on a deeper level.,Mastery
I want to deepen my understanding of data science techniques.,Mastery
I want to learn more about behavioral economics.,Mastery
How do I deepen my knowledge of cloud computing?,Mastery
How do I become an expert in health and wellness?,Mastery
How do I become more confident when presenting?,Mastery
How do I become an expert in artificial intelligence?,Mastery
Practicing DSA daily to become confident.,Mastery
I want to become an expert in graphic design.,Mastery
I want to improve my understanding of user experience design.,Mastery
I want to be proficient in web development.,Mastery
How do I become an expert in photography?,Mastery
How do I get better at writing persuasive arguments?,Mastery
How do I get better at critical thinking?,Mastery
I need to master emotional intelligence.,Mastery
How do I become a better storyteller?,Mastery
How do I improve my problem-solving abilities?,Mastery
I need to deepen my understanding of advanced mathematics.,Mastery
How can I improve my understanding of advanced chemistry?,Mastery
I need to understand quantum physics better.,Mastery
I want to improve my leadership skills.,Mastery
I want to learn advanced Excel techniques.,Mastery
I want to master the skills of public speaking.,Mastery
How do I master the art of effective team building?,Mastery
How do I become an expert in leadership development?,Mastery
I need to learn how to manage people effectively.,Mastery
How do I get better at strategic thinking?,Mastery
I want to become an expert in machine learning.,Mastery
How do I become proficient in public speaking and presentations?,Mastery
How do I master the skills of mindfulness?,Mastery
How do I become fluent in Spanish?,Mastery
I want to become an expert in visual design.,Mastery
"Studying AI concepts in detail, not for grades.",Mastery
I want to learn this subject in depth.,Mastery
Does mastering this subject take years?,Mastery
How do I improve my listening skills?,Mastery
How can I become more efficient at writing reports?,Mastery
I don’t feel confident about this subject yet.,Mastery
I need to master the art of persuasive writing.,Mastery
How do I improve my understanding of international relations?,Mastery
I need to understand economics at a deeper level.,Mastery
How do I become an expert in cybersecurity?,Mastery
I want to improve my coding skills in R.,Mastery
I want to become an expert in negotiation and conflict resolution.,Mastery
I want to improve my writing for storytelling.,Mastery
How do I become better at influencing people?,Mastery
I want to master the principles of graphic design.,Mastery
How do I master this particular math formula?,Mastery
How do I become a better negotiator?,Mastery
I want to improve my understanding of literature.,Mastery
I want to become an expert in project management.,Mastery
How do I improve my problem-solving skills in programming?,Mastery
I want to master the art of self-discipline.,Mastery
How do I improve my writing skills for research papers?,Mastery
I want to become more fluent in Spanish.,Mastery
How do I deepen my understanding of world history?,Mastery
Spending hours on understanding recursion and trees.,Mastery
I want to become proficient in Java programming.,Mastery
I want to improve my skills in conflict management.,Mastery
I need to learn advanced Excel functions.,Mastery
I want to master financial forecasting techniques.,Mastery
How can I become an expert in artificial intelligence?,Mastery
How can I improve my ability to solve problems?,Mastery
How do I master photography?,Mastery
How do I become proficient in data visualization?,Mastery
I want to master the skills of effective teamwork.,Mastery
What steps do I need to take to master data analysis?,Mastery
I need to master the art of negotiation.,Mastery
I need to perfect my understanding of philosophy.,Mastery
I need to master algebra before the semester ends.,Mastery
I need to study in depth for my philosophy exam.,Mastery
I need expert-level knowledge of this field.,Mastery
I want to master time management techniques.,Mastery
I want to be a master of time management.,Mastery
How do I improve my reading comprehension?,Mastery
How do I become a master at negotiation?,Mastery
I want to learn to play the guitar.,Mastery
Following a roadmap to master full-stack development.,Mastery
How do I improve my strategic thinking skills?,Mastery
How do I become proficient in machine learning?,Mastery
I need to deepen my understanding of quantum mechanics.,Mastery
How do I master decision-making techniques?,Mastery
I need to become proficient in artificial intelligence concepts.,Mastery
Should I use PowerPoint or Google Slides for my project presentation?,Project
Recording a video demo of our tech hack.,Project
What should I include in my project report?,Project
I’m struggling to decide on a project idea.,Project
How do I present my project results to my team?,Project
What’s the best way to track the progress of my project?,Project
How do I stay motivated while working on a long-term project?,Project
Preparing a slideshow to explain our innovation.,Project
How do I ensure my project is original?,Project
Can I use online resources for my project?,Project
What software should I use for my project?,Project
Documenting the features of the finance tracker app.,Project
Can I use someone else’s work in my project?,Project
Should I include a detailed analysis in my project report?,Project
I’m not sure how to start this project.,Project
What’s the best way to organize my project materials?,Project
Building an IoT-based smart irrigation system.,Project
I’m not sure how to begin my project.,Project
Is it important to create a timeline for my project?,Project
How do I handle a setback in my project timeline?,Project
I need to make a presentation for my project.,Project
How do I start brainstorming ideas for my project?,Project
How do I handle setbacks in my project timeline?,Project
What are some tips for working on a project with a tight deadline?,Project
What are some strategies for ensuring my project stays on track?,Project
How can I make my presentation more effective?,Project
What tools can help me design my project?,Project
Can you share some tips for completing a group project?,Project
How do I handle the deadlines for my project?,Project
Creating a chatbot for class presentation.,Project
Do I need to include references in my project?,Project
How do I stay on track with my project deadlines?,Project
How do I ensure that my project meets all the requirements?,Project
I need to improve the design of my project.,Project
I need to prepare for a project presentation next week.,Project
How do I keep my project organized?,Project
How do I present my project to a client?,Project
I’m organizing a team for a project; any advice?,Project
What’s the best way to track my progress in a project?,Project
Creating a project report for the group assignment.,Project
How do I incorporate feedback into my project?,Project
How do I write a report for my project?,Project
I’m having trouble with the budgeting part of my project.,Project
How do I keep my project organized?,Project
What should be the key deliverables for my project?,Project
How do I stay focused on my project work?,Project
Should I submit my project early to get feedback?,Project
Integrating frontend and backend for our mini project.,Project
How do I stay motivated to complete my project?,Project
Do I need to include a budget in my project?,Project
Should I include visuals in my project presentation?,Project
How do I decide the best approach to my project?,Project
I need to finish my project by the end of the week.,Project
How do I delegate tasks for my group project?,Project
When is the deadline for this project?,Project
I’m having trouble with my project’s design phase.,Project
Is it okay to ask for extensions on my project?,Project
How can I make my project stand out in a competition?,Project
How do I avoid procrastination when working on my project?,Project
What should I do if my project doesn’t meet expectations?,Project
I need to prioritize my tasks for the project.,Project
I need to find the right resources for my group project.,Project
Making a 3D model for my architecture project.,Project
How do I measure the success of my project?,Project
What’s the best way to allocate tasks for my project team?,Project
I need to finish my project by next Friday.,Project
How do I get my project started if I have no idea where to begin?,Project
Should I create a visual timeline for my project?,Project
How do I calculate the budget for a project?,Project
Should I get a second opinion on my project design?,Project
How do I deal with conflicting opinions in a group project?,Project
Should I share my project with colleagues for feedback?,Project
What’s the best way to present a project with multiple sections?,Project
Where can I get resources for my history project?,Project
How do I divide my time between research and execution for my project?,Project
This project is due soon and I haven't started!,Project
What software should I use for my design project?,Project
How can I make sure my project is well-received?,Project
Should I do a pilot test before finalizing my project?,Project
What tools should I use to manage my project timeline?,Project
I need to figure out the best software to complete my project.,Project
I need to make this project by next week.,Project
How do I work effectively with a partner on a project?,Project
I need to complete a research project and I don’t know where to start.,Project
What are some time management tips for managing a project?,Project
I need to focus on writing my project report.,Project
What’s the best way to organize the steps in my project?,Project
I need to create a flowchart for my project.,Project
Should I use diagrams or charts to present my project?,Project
What are some ways to research for my project?,Project
How do I stay on track with my project deadlines?,Project
How do I ensure my project meets the project requirements?,Project
Should I present my project as a PowerPoint?,Project
What tools can I use to improve my project?,Project
How do I deal with disagreements in a project team?,Project
Finishing the last module for our ML project.,Project
How do I know if my project is on the right path?,Project
Working on UI/UX design for a personal project.,Project
How do I ensure my project meets all requirements?,Project
Should I add visuals to my project report?,Project
How do I gather and organize data for my project?,Project
How can I gather more research for my project?,Project
How do I divide my project into smaller tasks?,Project
Is it better to work on a project alone or in a team?,Project
How do I manage a team during a project?,Project
I need to prioritize my project work.,Project
What are the best ways to conduct research for my project?,Project
Writing code for my game development assignment.,Project
What are the best tools for tracking progress in my project?,Project
My project is due tomorrow and I haven’t started yet.,Project
Should I make a digital or physical project presentation?,Project
My project proposal was rejected. What should I do next?,Project
How do I integrate feedback from my project manager into my project?,Project
Can I use online tools to collaborate with my project team?,Project
How do I prepare a project budget?,Project
How do I improve the quality of my project work?,Project
Should I make a prototype for my project?,Project
I need to check if I’m meeting my project milestones.,Project
How can I improve my project’s design?,Project
What are some time management techniques I can use for my project?,Project
