text,category
"How do I prepare for this exam that is going to be in 2 weeks?",Exam
"Can someone help me with last-minute revision tips for my exam?",Exam
"What’s the best strategy for acing a multiple-choice exam?",Exam
"I’ve got an exam coming up and I need to study!",Exam
"I’m stressing over this upcoming final exam.",Exam
"What should I focus on for this midterm exam?",Exam
"I feel like I haven't studied enough for this exam.",Exam
"I need tips on how to manage my time during the exam.",Exam
"I need to review my notes before the exam.",Exam
"How do I calm my nerves before a big exam?",Exam
"When should I start studying for the SAT?",Exam
"What’s the most efficient way to study for a final exam?",Exam
"How do I prepare for an oral exam?",Exam
"I don't understand this concept; it might be on the exam.",Exam
"How can I make a study schedule for my exams?",Exam
"Any advice on handling exam anxiety?",Exam
"What are some common mistakes students make during exams?",Exam
"I’m going to fail my exam if I don't pass this next test.",Exam
"What happens if I miss an exam?",Exam
"Can I reschedule my exam if I’m sick?",Exam
"How do I approach this group project?",Project
"Can someone help me brainstorm ideas for my project?",Project
"I’m not sure how to start this project.",Project
"What tools should I use to manage my project effectively?",Project
"When is the deadline for this project?",Project
"I need to make a presentation for my project.",Project
"How can I improve my project’s design?",Project
"What are the best project management apps?",Project
"This project is due soon and I haven't started!",Project
"I'm struggling with the research part of my project.",Project
"Do I need to include a budget in my project?",Project
"Any ideas on how to finish my project faster?",Project
"How do I stay on track with my project deadlines?",Project
"Is it okay to ask for extensions on my project?",Project
"Can I use someone else’s work in my project?",Project
"How do I present my project to a large audience?",Project
"What’s the best way to organize the steps in my project?",Project
"How do I stay motivated to complete my project?",Project
"I need to increase my understanding of this subject.",Mastery
"I need to perfect this subject and study it on a deeper level.",Mastery
"I need to understand this subject on a deeper level.",Mastery
"I want to get better at this subject.",Mastery
"I’m trying to master this concept, any advice?",Mastery
"I’m looking to deepen my understanding of this topic.",Mastery
"How can I increase my knowledge of this field?",Mastery
"I need to improve my skills in this area.",Mastery
"I want to be an expert in this field.",Mastery
"How do I move from basic knowledge to mastery?",Mastery
"I’ve been studying this for months and I still don’t get it.",Mastery
"Is there a faster way to master this subject?",Mastery
"I’ve studied this for years, but I still feel like I don’t fully understand it.",Mastery
"I want to learn this subject in depth.",Mastery
"How can I improve my proficiency in this topic?",Mastery
"Does mastering this subject take years?",Mastery
"I need to practice this topic until I’m fluent.",Mastery
"I need expert-level knowledge of this field.",Mastery
"I want to be able to teach this subject at an advanced level.",Mastery
"I don’t feel confident about this subject yet.",Mastery
"This pizza looks great.",Unidentified
"Should I buy a new phone or wait for the next release?",Unidentified
"I’m thinking of going for a walk today.",Unidentified
"Can you recommend a good movie?",Unidentified
"I just bought some new shoes.",Unidentified
"How do I make a good first impression?",Unidentified
"Does anyone know what time the concert starts?",Unidentified
"Let’s grab lunch tomorrow.",Unidentified
"Any suggestions on a good book to read?",Unidentified
"Do you think it will rain tomorrow?",Unidentified
"I’m wondering if I should travel to Europe this summer.",Unidentified
"Is it possible to have a job interview during a vacation?",Unidentified
"Should I invest in the stock market now?",Unidentified
"I can’t decide which restaurant to go to for dinner.",Unidentified
"Do I need to get a passport for domestic flights?",Unidentified
"What’s the best way to grow your savings?",Unidentified
"How do I bake a cake?",Unidentified
"I need to schedule a dentist appointment.",Unidentified
"Are you free to hang out later?",Unidentified
"I just finished a great workout!",Unidentified
"Should I take a nap or power through?",Unidentified
"How do I change a tire on a car?",Unidentified
"I need to make this project by next week.",Project
"Can you share some tips for completing a group project?",Project
"My project is due tomorrow and I haven’t started yet.",Project
"How do I handle the deadlines for my project?",Project
"I want to add a new feature to my project, any suggestions?",Project
"How do I manage multiple projects at the same time?",Project
"How do I calculate the budget for a project?",Project
"How can I reduce the scope of my project?",Project
"I’m organizing a team for a project; any advice?",Project
"Where can I get resources for my history project?",Project
"How can I make my project stand out?",Project
"I need to create a flowchart for my project.",Project
"I’m having trouble with my project’s design phase.",Project
"What software should I use for my project?",Project
"How can I make sure my project stays on schedule?",Project
"Do I need to submit my project in a specific format?",Project
"I just received feedback on my project; how do I improve it?",Project
"My project proposal was rejected. What should I do next?",Project
"What tools can I use to improve my project?",Project
"How do I write a report for my project?",Project
"Can I change the direction of my project midway?",Project
"Do I need to include references in my project?",Project
"How can I make my presentation more effective?",Project
"What should I do if my project doesn’t meet expectations?",Project
"How do I deal with project failure?",Project
"How do I prepare for a project pitch?",Project
"I need to learn more about algorithms.",Mastery
"How do I improve my critical thinking skills?",Mastery
"I need to learn advanced Excel functions.",Mastery
"How can I get better at problem-solving?",Mastery
"I need to study in depth for my philosophy exam.",Mastery
"How do I master this particular math formula?",Mastery
"I need to get better at public speaking.",Mastery
"Can you help me become more skilled at coding?",Mastery
"How can I improve my writing skills?",Mastery
"I want to learn the fundamentals of machine learning.",Mastery
"I want to be better at time management.",Mastery
"How do I become a master at negotiation?",Mastery
"I need to improve my photography skills.",Mastery
"What are the key steps to mastering a musical instrument?",Mastery
"I want to learn to read faster and more efficiently.",Mastery
"I need to learn how to analyze data.",Mastery
"How do I deepen my knowledge of history?",Mastery
"I need to improve my speaking skills for presentations.",Mastery
"I want to master new languages.",Mastery
"I want to be more proficient in data visualization.",Mastery
"What’s the best way to master public speaking?",Mastery
"Should I study for an exam or relax?",Unidentified
"I need to buy some groceries.",Unidentified
"Do you want to play video games tonight?",Unidentified
"Can I get a ride to the airport?",Unidentified
"Should I take my umbrella today?",Unidentified
"Are you coming to the party tonight?",Unidentified
"Let’s go to the beach tomorrow.",Unidentified
"What should I wear for my interview?",Unidentified
"Is it safe to go for a run at night?",Unidentified
"How do I make a good first impression?",Unidentified
"Should I get a second opinion?",Unidentified
"Do you think we should adopt a dog?",Unidentified
"What do you think about the new iPhone?",Unidentified
"Should I start investing in stocks now?",Unidentified
"Can you recommend a good restaurant?",Unidentified
"Do you want to hang out this weekend?",Unidentified
"I’m going to a concert tomorrow.",Unidentified
"Where should we go for dinner?",Unidentified
"Do I need to charge my phone?",Unidentified
"I need a haircut.",Unidentified
"I’m watching a movie tonight.",Unidentified
"Should I buy the new season of the show?",Unidentified
"What time is the meeting tomorrow?",Unidentified
"Is it too late to start studying for the exam?",Unidentified
"Can you recommend a book?",Unidentified
"Is it possible to travel to the moon?",Unidentified
"Should I change my routine?",Unidentified
"Let’s plan a weekend getaway.",Unidentified
"Can I get some advice on my resume?",Unidentified
"What’s the best way to relax?",Unidentified
"Where do you want to go for lunch?",Unidentified
"Do you think it’s going to rain today?",Unidentified
"How do I send a thank you email?",Unidentified
"I need to reschedule my appointment.",Unidentified
"Should I go for a run or work out at home?",Unidentified
"Can I take a break from studying?",Unidentified
"Should I hire a personal trainer?",Unidentified
"Is it a good time to buy a car?",Unidentified
"How do I cancel my subscription?",Unidentified
"Should I take a gap year?",Unidentified
"Where can I find cheap flights?",Unidentified
"I need to organize my notes for the exam.",Exam
"Should I focus on multiple-choice or essay questions for the exam?",Exam
"How do I prepare for an exam with limited time?",Exam
"I need to make sure I know everything for this exam.",Exam
"Is it worth studying the entire textbook for the exam?",Exam
"Can I study the night before my exam and still do well?",Exam
"What are some strategies for answering multiple-choice questions in an exam?",Exam
"Do I need to memorize formulas for my math exam?",Exam
"How do I manage time during a 3-hour exam?",Exam
"Can I use a calculator during this exam?",Exam
"I’m taking a standardized exam; what should I expect?",Exam
"Are there specific tips for acing a timed exam?",Exam
"Should I focus on weak subjects first when preparing for my exam?",Exam
"How do I study for a computer science exam?",Exam
"Do I need to take practice exams for my upcoming test?",Exam
"How can I make my study sessions more effective before the exam?",Exam
"How do I approach a challenging exam question?",Exam
"What are common mistakes students make during finals?",Exam
"I need to revise all my notes before my exam.",Exam
"Can I use a cheat sheet during this exam?",Exam
"What should I do if I forget an answer during the exam?",Exam
"How should I handle stress during my exam?",Exam
"How do I break down a long exam into manageable sections?",Exam
"Do I need to memorize every single detail for my exam?",Exam
"What should I focus on the night before the exam?",Exam
"I need to find the right resources for my group project.",Project
"How do I divide tasks among team members for a project?",Project
"How can I ensure the quality of work in my project?",Project
"Is it important to create a timeline for my project?",Project
"How can I gather more research for my project?",Project
"Should I use PowerPoint or Google Slides for my project presentation?",Project
"What tools can help me design my project?",Project
"What’s the best way to present a project with multiple sections?",Project
"How do I get my project started if I have no idea where to begin?",Project
"Can I use online resources for my project?",Project
"How do I ensure my project meets the project requirements?",Project
"What are some tips for working on a project with a tight deadline?",Project
"How do I measure the success of my project?",Project
"Should I make a prototype for my project?",Project
"How do I work effectively with a partner on a project?",Project
"What’s the best way to organize my project materials?",Project
"Should I do a pilot test before finalizing my project?",Project
"How do I deal with disagreements in a project team?",Project
"How can I make my project stand out in a competition?",Project
"Is it better to work on a project alone or in a team?",Project
"Should I submit my project early to avoid last-minute mistakes?",Project
"I need to understand the core concepts of machine learning.",Mastery
"How do I improve my problem-solving skills in programming?",Mastery
"Should I focus on mastering theory or practical applications?",Mastery
"I need to understand data structures more thoroughly.",Mastery
"I want to deepen my knowledge of software engineering.",Mastery
"How can I become an expert in artificial intelligence?",Mastery
"I need to get better at reading comprehension.",Mastery
"How do I get better at analytical thinking?",Mastery
"I want to master the principles of graphic design.",Mastery
"I need to understand calculus more deeply.",Mastery
"How can I master the art of storytelling?",Mastery
"How do I improve my critical thinking skills?",Mastery
"I want to be fluent in Spanish.",Mastery
"I need to practice speaking in public more.",Mastery
"How do I become proficient at negotiation?",Mastery
"I need to understand economics at a deeper level.",Mastery
"What steps do I need to take to master data analysis?",Mastery
"I want to improve my leadership skills.",Mastery
"I need to perfect my coding skills.",Mastery
"How do I become a master in photography?",Mastery
"Can I master multiple languages at once?",Mastery
"How do I study for a professional certification exam?",Mastery
"I want to learn advanced Excel techniques.",Mastery
"How can I become more efficient at writing reports?",Mastery
"How do I learn new skills quickly?",Mastery
"I want to master time management techniques.",Mastery
"Should I go for a jog or walk?",Unidentified
"Can you recommend a good video game?",Unidentified
"Should I invest in crypto or stocks?",Unidentified
"Do you think I should move to a new city?",Unidentified
"Are there any cool events this weekend?",Unidentified
"I’m thinking about switching my career.",Unidentified
"Do you want to grab coffee later?",Unidentified
"What do you think about the new season of Stranger Things?",Unidentified
"Is it worth buying the latest iPhone?",Unidentified
"Should I try yoga?",Unidentified
"Are you free for a movie night?",Unidentified
"What’s the best way to relax after work?",Unidentified
"Can I meet you for lunch tomorrow?",Unidentified
"Is it worth taking a gap year?",Unidentified
"Do I need a credit card?",Unidentified
"Should I buy this jacket?",Unidentified
"How do I delete my social media account?",Unidentified
"Do you want to join me for a road trip?",Unidentified
"Where can I find new hobbies?",Unidentified
"Can you suggest a good book to read?",Unidentified
"Should I get a cat or a dog?",Unidentified
"Is this restaurant good for a date night?",Unidentified
"What’s the best way to cook chicken?",Unidentified
"How do I get a better night’s sleep?",Unidentified
"What are some fun activities for the weekend?",Unidentified
"Should I upgrade my computer?",Unidentified
"Is it better to work remotely or in the office?",Unidentified
"Can you recommend a good workout routine?",Unidentified
"Do I need to wear a jacket today?",Unidentified
"Should I start my own business?",Unidentified
"Is it worth learning a musical instrument?",Unidentified
"What’s the best way to handle stress?",Unidentified
"Should I attend the networking event?",Unidentified
"Where can I find a good online course?",Unidentified
"Should I take a rest day or push through the workout?",Unidentified
"What do you think about the new Tesla?",Unidentified
"Should I get an electric car?",Unidentified
"What are the benefits of meditation?",Unidentified
"Can you recommend a good workout app?",Unidentified
"Should I buy a new phone?",Unidentified
"What are some interesting hobbies to try?",Unidentified
"How do I get rid of a headache?",Unidentified
"Should I buy a house or rent?",Unidentified
"Do you want to go hiking this weekend?",Unidentified
"What should I pack for a weekend getaway?",Unidentified
"How can I start saving money?",Unidentified
"Should I buy this new gaming console?",Unidentified
"Do you think it's safe to go to that concert?",Unidentified
"Should I upgrade to a 4K TV?",Unidentified
"Where do I find good vacation deals?",Unidentified
"Should I apply for that job?",Unidentified
"What’s the best way to lose weight?",Unidentified
"Should I start a blog?",Unidentified
"Can you recommend a good podcast?",Unidentified
"Where should I go for a weekend getaway?",Unidentified
"Should I follow a vegan diet?",Unidentified
"How do I start a YouTube channel?",Unidentified
"Should I travel alone or with friends?",Unidentified
"Is it worth attending that online webinar?",Unidentified
"Should I get a second opinion from another doctor?",Unidentified
"How do I learn to cook?",Unidentified
"Should I get a home gym?",Unidentified
"Should I invest in real estate?",Unidentified
"Can you suggest a good recipe?",Unidentified
"Should I buy a smartwatch?",Unidentified
"How do I manage my finances better?",Unidentified
"Where can I find good workout clothes?",Unidentified
"Should I take a nap?",Unidentified
"What time should I leave for my flight?",Unidentified
"Should I get a fitness tracker?",Unidentified
"Where can I find a new hobby?",Unidentified
"Do you think I should get a dog?",Unidentified
"Should I try this new restaurant?",Unidentified
"How do I learn how to paint?",Unidentified
"I need to organize my study materials for the exam.",Exam
"Can you give me some last-minute exam tips?",Exam
"I should focus on problem-solving strategies for my exam.",Exam
"How do I handle tough questions in my final exam?",Exam
"I need to take a practice exam to see where I stand.",Exam
"How do I balance studying and taking care of myself before the exam?",Exam
"Should I take breaks while studying for the exam?",Exam
"I need to focus on my weak areas before the exam.",Exam
"How can I improve my exam performance?",Exam
"How do I revise effectively for my final exam?",Exam
"What should I do if I get stuck during the exam?",Exam
"I want to get better at memorizing information for my exam.",Exam
"I feel like I’m not ready for this exam.",Exam
"What are the best techniques for studying for multiple exams?",Exam
"How do I maintain focus during a long exam?",Exam
"How do I stay calm during an exam?",Exam
"I need help with studying for an oral exam.",Exam
"How do I make a study plan for the upcoming exam?",Exam
"I need to go over my notes before my final exam.",Exam
"Should I review the textbook before the exam?",Exam
"I’m not confident about the material for my exam.",Exam
"How do I focus better while studying for the exam?",Exam
"Should I study more with practice questions or review notes?",Exam
"What’s the best way to deal with test anxiety?",Exam
"I need to finish my project by the end of the week.",Project
"What are the key deliverables for my project?",Project
"I need to check if I’m meeting my project milestones.",Project
"How do I organize my thoughts for my project presentation?",Project
"Should I submit my project early to get feedback?",Project
"How do I divide my time between research and execution for my project?",Project
"What’s the best way to allocate tasks for my project team?",Project
"I need to prioritize my project work.",Project
"How do I make my project stand out in a competition?",Project
"Can I use online tools to collaborate with my project team?",Project
"What software should I use for my design project?",Project
"How do I stay focused on my project work?",Project
"I need to improve the design of my project.",Project
"How do I start brainstorming ideas for my project?",Project
"I need to present my project in front of the class.",Project
"Should I create a prototype for my project?",Project
"How do I ensure my project meets all requirements?",Project
"What should I include in my project report?",Project
"I’m having trouble making progress on my project.",Project
"Can you recommend some project management tools?",Project
"What should be my first step in working on my project?",Project
"I’m having trouble with the budgeting part of my project.",Project
"What’s the best way to track the progress of my project?",Project
"Should I make a digital or physical project presentation?",Project
"How do I handle feedback on my project?",Project
"I need to complete a research project and I don’t know where to start.",Project
"How do I keep my project organized?",Project
"I need to plan my project timeline.",Project
"How do I choose the best topic for my project?",Project
"I want to learn how to code.",Mastery
"I need to improve my knowledge of algorithms.",Mastery
"How do I master advanced math topics?",Mastery
"I want to improve my knowledge of history.",Mastery
"I need to understand this theory on a deeper level.",Mastery
"I want to be proficient in web development.",Mastery
"I need to get better at public speaking.",Mastery
"How do I master time management skills?",Mastery
"I want to learn more about data science.",Mastery
"How do I improve my writing skills?",Mastery
"How do I learn the piano?",Mastery
"I want to become fluent in French.",Mastery
"I need to understand quantum physics better.",Mastery
"How do I master the art of cooking?",Mastery
"I need to perfect my negotiation skills.",Mastery
"I want to become an expert in machine learning.",Mastery
"How do I improve my visual design skills?",Mastery
"I want to learn to play the guitar.",Mastery
"I need to master the principles of leadership.",Mastery
"How do I improve my reading comprehension?",Mastery
"I need to study human psychology more deeply.",Mastery
"How do I get better at critical thinking?",Mastery
"I want to learn how to draw.",Mastery
"How do I become an expert in photography?",Mastery
"I want to understand marketing better.",Mastery
"How do I improve my financial literacy?",Mastery
"I need to improve my programming skills.",Mastery
"How do I master decision-making techniques?",Mastery
"I want to learn how to invest.",Mastery
"I want to improve my understanding of economics.",Mastery
"I want to become a better listener.",Mastery
"How do I master the art of storytelling?",Mastery
"How do I become fluent in Spanish?",Mastery
"I need to master advanced Excel techniques.",Mastery
"I want to improve my project management skills.",Mastery
"I need to learn how to manage people effectively.",Mastery
"Should I go for a walk or stay indoors?",Unidentified
"What’s your favorite pizza topping?",Unidentified
"Where are you traveling to this summer?",Unidentified
"Should I buy this jacket?",Unidentified
"Can you suggest a good comedy series?",Unidentified
"Where should I go for my next vacation?",Unidentified
"Do you think it’s going to rain today?",Unidentified
"Should I start a YouTube channel?",Unidentified
"How do I start my own podcast?",Unidentified
"Do you think I should move to another country?",Unidentified
"What should I do this weekend?",Unidentified
"Should I change my career?",Unidentified
"Can you recommend a good online course?",Unidentified
"How do I prepare for a job interview?",Unidentified
"Should I adopt a cat or a dog?",Unidentified
"How do I find new hobbies?",Unidentified
"What’s the best way to relax?",Unidentified
"Where can I buy a new laptop?",Unidentified
"Should I try this new restaurant?",Unidentified
"How do I find a good movie to watch?",Unidentified
"Should I get a second opinion from a doctor?",Unidentified
"How do I change my career path?",Unidentified
"Should I buy a new camera?",Unidentified
"How do I fix my broken phone?",Unidentified
"Should I go to a networking event?",Unidentified
"Where do I find good workout routines?",Unidentified
"Should I go on a road trip?",Unidentified
"How do I manage my stress better?",Unidentified
"Where can I get more information about cryptocurrency?",Unidentified
"Do I need to get a flu shot?",Unidentified
"What’s the best way to start saving for retirement?",Unidentified
"How do I improve my memory?",Unidentified
"Should I upgrade my phone?",Unidentified
"How do I become more productive?",Unidentified
"Do you think I should invest in real estate?",Unidentified
"What’s the best way to cook pasta?",Unidentified
"Should I get a home gym?",Unidentified
"Can you recommend a new book?",Unidentified
"What do you think of the new iPhone?",Unidentified
"How do I cancel my gym membership?",Unidentified
"Where can I find a good yoga class?",Unidentified
"Should I get a personal trainer?",Unidentified
"How do I improve my leadership skills?",Unidentified
"What’s the best way to learn photography?",Unidentified
"Where can I find new music?",Unidentified
"Do you think it’s safe to travel right now?",Unidentified
"Should I buy a new pair of shoes?",Unidentified
"How do I start a new hobby?",Unidentified
"Should I get a fitness tracker?",Unidentified
"Can you recommend a good restaurant?",Unidentified
"What should I wear to my job interview?",Unidentified
"Do I need a passport to fly to Canada?",Unidentified
"Should I start a fitness challenge?",Unidentified
"How do I start cooking healthy meals?",Unidentified
"Can you recommend a good podcast?",Unidentified
"Should I move to a new city?",Unidentified
"How do I make a decision about my career?",Unidentified
"Should I upgrade my car?",Unidentified
"Do you think I should go back to school?",Unidentified
"How do I improve my social media presence?",Unidentified
"Should I buy a new couch?",Unidentified
"Where can I find a good online course?",Unidentified
"How do I deal with stress at work?",Unidentified
"Should I buy a treadmill?",Unidentified
"How do I get a better night’s sleep?",Unidentified
"Should I join a gym?",Unidentified
"Where can I buy new furniture?",Unidentified
"Do you think I should start a blog?",Unidentified
"How do I start saving money?",Unidentified
"Should I get a second opinion about my health?",Unidentified
"How do I tackle a case study for my exam?",Exam
"Do I need to memorize all the definitions for the exam?",Exam
"I’m not sure if I should review my notes or focus on practice tests.",Exam
"What are the most common types of questions on this exam?",Exam
"Should I focus on revising the subjects I’m weakest at for the exam?",Exam
"How do I memorize all the formulas for the exam?",Exam
"How do I handle the pressure during a timed exam?",Exam
"Can I pass my exam if I only study for two days?",Exam
"What are the best ways to study for a math exam?",Exam
"Should I study the course material or just focus on practice exams?",Exam
"How do I overcome my fear of taking exams?",Exam
"How do I prepare for a final exam in a subject I’m struggling with?",Exam
"What are the best study techniques for an upcoming exam?",Exam
"I feel like I can’t remember anything for my exam.",Exam
"How should I divide my time between studying and relaxing before the exam?",Exam
"How do I retain all the information for an upcoming exam?",Exam
"Should I create a study schedule for my exam?",Exam
"What resources can I use to prepare for the exam?",Exam
"How do I stay focused during a long exam?",Exam
"What are some common mistakes to avoid during an exam?",Exam
"How do I find balance between studying and maintaining mental health?",Exam
"Can I skip studying for a subject if I already know it well?",Exam
"How do I keep calm during a stressful exam?",Exam
"How do I improve my time management for the exam?",Exam
"I need to finish my project proposal by next week.",Project
"How do I write a successful project proposal?",Project
"I’m struggling to decide on a project idea.",Project
"What are some ways to research for my project?",Project
"How do I divide my project into smaller tasks?",Project
"What are the steps to ensure my project meets deadlines?",Project
"Should I collaborate with others on this project or do it alone?",Project
"I need to figure out the best software to complete my project.",Project
"How do I gather and organize data for my project?",Project
"How do I stay motivated while working on a long-term project?",Project
"What are some time management techniques I can use for my project?",Project
"Should I create a visual timeline for my project?",Project
"How can I make sure my project is well-received?",Project
"What should be the key deliverables for my project?",Project
"How do I prepare a project budget?",Project
"How do I present my project results to my team?",Project
"Should I use diagrams or charts to present my project?",Project
"What are the best tools for tracking progress in my project?",Project
"How do I decide the best approach to my project?",Project
"How do I improve the quality of my project work?",Project
"Should I focus more on the research phase of my project?",Project
"What are some strategies for ensuring my project stays on track?",Project
"How do I avoid procrastination when working on my project?",Project
"I need to prepare for a project presentation next week.",Project
"How do I incorporate feedback into my project?",Project
"How do I know if my project is on the right path?",Project
"Should I add visuals to my project report?",Project
"How do I handle a setback in my project timeline?",Project
"I want to become better at analyzing data.",Mastery
"How do I improve my understanding of psychology?",Mastery
"I need to master algebra before the semester ends.",Mastery
"How do I improve my ability to write essays?",Mastery
"How do I master the art of persuasion?",Mastery
"I want to learn how to think critically.",Mastery
"How do I improve my understanding of machine learning?",Mastery
"How can I get better at public speaking?",Mastery
"I need to work on my listening skills.",Mastery
"How do I improve my research skills?",Mastery
"How can I improve my time management skills?",Mastery
"How do I become more proficient at coding?",Mastery
"I need to get better at strategic thinking.",Mastery
"How do I master the concepts of digital marketing?",Mastery
"I want to become an expert in graphic design.",Mastery
"How do I master video editing?",Mastery
"I need to deepen my knowledge of economics.",Mastery
"How do I improve my leadership skills?",Mastery
"How can I improve my ability to solve problems?",Mastery
"How do I become more confident when speaking in public?",Mastery
"I want to understand philosophy at a deeper level.",Mastery
"How do I get better at writing persuasive arguments?",Mastery
"I need to perfect my software development skills.",Mastery
"How do I master photography?",Mastery
"I want to become an expert in financial analysis.",Mastery
"How do I improve my decision-making abilities?",Mastery
"How do I become better at negotiating?",Mastery
"How do I enhance my analytical thinking?",Mastery
"Should I change my phone case?",Unidentified
"Where should we go for dinner?",Unidentified
"How do I find new hobbies?",Unidentified
"Can you recommend a good TV series?",Unidentified
"Should I buy a new jacket?",Unidentified
"Do you think I should learn a new language?",Unidentified
"Should I switch to a different gym?",Unidentified
"What’s the best restaurant in town?",Unidentified
"Should I buy a new car?",Unidentified
"How do I find a new place to live?",Unidentified
"Where can I find good vacation spots?",Unidentified
"Do you think I should move to a new city?",Unidentified
"Should I change my career path?",Unidentified
"What’s the best time of year to visit Paris?",Unidentified
"Should I start saving for retirement?",Unidentified
"Do you think I should start a YouTube channel?",Unidentified
"How do I get better at cooking?",Unidentified
"What’s the best way to relax?",Unidentified
"Where can I find a good coffee shop?",Unidentified
"Should I start working out?",Unidentified
"Where can I buy a new phone?",Unidentified
"Should I get a dog or a cat?",Unidentified
"What’s the best vacation destination?",Unidentified
"Should I get a fitness tracker?",Unidentified
"How do I improve my fashion sense?",Unidentified
"Can you suggest a good podcast?",Unidentified
"Should I try meditation?",Unidentified
"Where do I buy a new laptop?",Unidentified
"Should I try a new hobby?",Unidentified
"How do I organize my schedule?",Unidentified
"Should I buy a smartwatch?",Unidentified
"What’s the best way to spend a weekend?",Unidentified
"Should I get a gym membership?",Unidentified
"What’s your favorite type of music?",Unidentified
"Should I buy this new tech gadget?",Unidentified
"Do you think I should move to a different country?",Unidentified
"Where can I find new music?",Unidentified
"Should I apply for a job?",Unidentified
"Can you recommend a good movie?",Unidentified
"Should I get a new tablet?",Unidentified
"How do I start a podcast?",Unidentified
"Do you think I should start a business?",Unidentified
"Should I get a second opinion?",Unidentified
"Where do I find new workout gear?",Unidentified
"Should I visit my family this weekend?",Unidentified
"Do you think I should get a car?",Unidentified
"Should I start my own blog?",Unidentified
"How do I get rid of stress?",Unidentified
"Where can I find good recipes?",Unidentified
"Should I get a personal trainer?",Unidentified
"Should I upgrade my phone?",Unidentified
"Can you recommend a good place to visit?",Unidentified
"What’s the best way to lose weight?",Unidentified
"Should I change my diet?",Unidentified
"Do you think I should learn how to code?",Unidentified
"Should I take a gap year?",Unidentified
"How do I find new friends?",Unidentified
"Should I go for a run or relax?",Unidentified
"Where can I buy workout clothes?",Unidentified
"Do you think I should switch careers?",Unidentified
"Should I take a cooking class?",Unidentified
"Can you recommend a good workout routine?",Unidentified
"Should I upgrade my laptop?",Unidentified
"How do I prepare for a weekend trip?",Unidentified
"Do you think I should change my hairstyle?",Unidentified
"Should I buy this new camera?",Unidentified
"Where can I get a good deal on a new phone?",Unidentified
"Should I go for a spa treatment?",Unidentified
"Should I move to a new neighborhood?",Unidentified
"How do I make a study plan for my exam?",Exam
"Should I focus on understanding concepts or memorization for the exam?",Exam
"What’s the best way to prepare for an oral exam?",Exam
"How can I improve my exam technique?",Exam
"I need to memorize a lot of content for my upcoming exam.",Exam
"How do I organize my time for exam preparation?",Exam
"I feel like I’m not retaining any information for the exam.",Exam
"How do I reduce stress before the exam?",Exam
"What’s the best way to study for a multiple-choice exam?",Exam
"I’m overwhelmed with the amount of material for my exam.",Exam
"Should I study with friends for the exam?",Exam
"How do I balance study and sleep before my exam?",Exam
"How do I stay motivated to study for the exam?",Exam
"Should I take a mock exam before the real one?",Exam
"How do I prioritize topics for my exam?",Exam
"What should I do if I feel exhausted during the exam?",Exam
"Can I still do well on my exam if I don’t have time to review everything?",Exam
"How do I keep calm when I don’t know the answer on an exam?",Exam
"How do I prevent burnout during exam preparation?",Exam
"How do I deal with exam pressure?",Exam
"Should I use flashcards for my exam?",Exam
"How do I stay positive during exam preparation?",Exam
"How can I improve my test-taking strategies?",Exam
"I need to finish my project by next Friday.",Project
"What are the most important components of a project proposal?",Project
"I’m not sure how to begin my project.",Project
"What tools should I use to manage my project timeline?",Project
"How do I ensure that my project meets all the requirements?",Project
"I need to make sure my project stays within budget.",Project
"Should I include a detailed analysis in my project report?",Project
"How do I choose the best project topic?",Project
"How do I delegate tasks for my group project?",Project
"What’s the best way to track my progress in a project?",Project
"I need to focus on writing my project report.",Project
"Should I present my project as a PowerPoint?",Project
"How do I integrate feedback from my project manager into my project?",Project
"How do I keep my project organized?",Project
"Should I include visuals in my project presentation?",Project
"What steps should I take to ensure my project is successful?",Project
"How do I stay on track with my project deadlines?",Project
"I need to ensure my project is clear and concise.",Project
"How do I handle unexpected challenges in my project?",Project
"What are the best ways to conduct research for my project?",Project
"How do I ensure my project is original?",Project
"Should I make a prototype for my project?",Project
"I need to prioritize my tasks for the project.",Project
"What are some time management tips for managing a project?",Project
"How do I manage risks in my project?",Project
"How do I present my project to a client?",Project
"Should I get a second opinion on my project design?",Project
"How do I manage a team during a project?",Project
"Should I share my project with colleagues for feedback?",Project
"How do I handle setbacks in my project timeline?",Project
"How do I deal with conflicting opinions in a group project?",Project
"I want to become more fluent in Spanish.",Mastery
"How can I improve my understanding of advanced chemistry?",Mastery
"How do I master digital marketing?",Mastery
"I need to become proficient in Python programming.",Mastery
"How do I deepen my knowledge of AI?",Mastery
"I want to master photography techniques.",Mastery
"How do I improve my writing skills for research papers?",Mastery
"I want to be a better critical thinker.",Mastery
"How do I improve my decision-making skills?",Mastery
"I want to learn more about behavioral economics.",Mastery
"How do I master the art of self-discipline?",Mastery
"How do I improve my problem-solving skills?",Mastery
"I need to become an expert in web development.",Mastery
"How do I increase my productivity?",Mastery
"I want to become a more effective leader.",Mastery
"I need to master the concepts of time management.",Mastery
"How do I improve my negotiation skills?",Mastery
"I want to master the skills of public speaking.",Mastery
"I need to perfect my understanding of philosophy.",Mastery
"I want to learn about advanced data analysis.",Mastery
"How do I master Excel for data analysis?",Mastery
"I want to improve my visual communication skills.",Mastery
"How do I improve my listening skills?",Mastery
"How do I become more confident when presenting?",Mastery
"I want to become an expert in project management.",Mastery
"How do I enhance my creative thinking?",Mastery
"I need to improve my ability to read financial statements.",Mastery
"How do I become more proficient in negotiation?",Mastery
"I want to deepen my understanding of psychology.",Mastery
"How do I become better at writing fiction?",Mastery
"I need to improve my understanding of economics.",Mastery
"How do I become an expert in machine learning?",Mastery
"How do I improve my public speaking skills?",Mastery
"Should I buy a new phone?",Unidentified
"Do you think I should get a second opinion?",Unidentified
"Where do you think I should go for vacation?",Unidentified
"Should I switch my job?",Unidentified
"How do I spend my free time?",Unidentified
"What should I eat for lunch today?",Unidentified
"Should I adopt a new pet?",Unidentified
"Where should I go for a weekend getaway?",Unidentified
"What’s your favorite ice cream flavor?",Unidentified
"Should I buy a new pair of shoes?",Unidentified
"How do I make my morning routine more productive?",Unidentified
"Where can I buy a good camera?",Unidentified
"How do I deal with boredom?",Unidentified
"Should I learn a new language?",Unidentified
"Should I upgrade my laptop?",Unidentified
"Do you think I should get a fitness tracker?",Unidentified
"Where should I go to eat this weekend?",Unidentified
"Should I start a blog?",Unidentified
"Do you think I should buy a new car?",Unidentified
"What movie should I watch tonight?",Unidentified
"Should I learn to play a musical instrument?",Unidentified
"Where can I find a good coffee shop?",Unidentified
"Should I move to a new city?",Unidentified
"Do you think I should invest in real estate?",Unidentified
"What’s the best way to relax after work?",Unidentified
"Should I get a dog or a cat?",Unidentified
"Do you think I should take a break from work?",Unidentified
"Should I try yoga?",Unidentified
"Where do you find the best hiking trails?",Unidentified
"Should I go to a networking event?",Unidentified
"Do you think I should travel more?",Unidentified
"Should I buy a new television?",Unidentified
"How do I find new hobbies?",Unidentified
"Should I try cooking a new recipe?",Unidentified
"Where can I find new music?",Unidentified
"Should I buy a new set of golf clubs?",Unidentified
"What should I do for my birthday?",Unidentified
"Should I get a new job?",Unidentified
"Where can I find good movies to watch?",Unidentified
"Should I buy new clothes?",Unidentified
"Do you think I should start working out?",Unidentified
"Should I invest in stocks?",Unidentified
"Where do I find good books?",Unidentified
"How do I decide if I should move?",Unidentified
"Should I adopt a pet?",Unidentified
"Do you think I should buy a new house?",Unidentified
"Should I get a second opinion about my health?",Unidentified
"What do I need to do to get better at cooking?",Unidentified
"Where should I travel this summer?",Unidentified
"Should I take a gap year?",Unidentified
"How do I spend a productive weekend?",Unidentified
"Should I go to a party this weekend?",Unidentified
"Should I start a new project?",Unidentified
"How do I prepare for a job interview?",Unidentified
"Do you think I should start a podcast?",Unidentified
"Should I visit my friends this weekend?",Unidentified
"Where should I go on my next holiday?",Unidentified
"Should I change my hair color?",Unidentified
"Where can I find a good recipe?",Unidentified
"Should I get a second opinion from a doctor?",Unidentified
"Should I upgrade my smartphone?",Unidentified
"Where should I go for a weekend trip?",Unidentified
"Should I go to the gym?",Unidentified
"How do I find a balance between work and personal life?",Unidentified
"Do I need to go grocery shopping?",Unidentified
"Should I get a new haircut?",Unidentified
"What’s the best way to plan a weekend getaway?",Unidentified
"How do I know when it’s time to make a change?",Unidentified
"Should I redecorate my house?",Unidentified
"Can you recommend a good book to read?",Unidentified
"Where should I travel next?",Unidentified
"Should I try a new hobby?",Unidentified
"How do I improve my focus during the day?",Unidentified
"Should I invest in cryptocurrency?",Unidentified
"Do I need a new wardrobe?",Unidentified
"Should I buy a new laptop or wait?",Unidentified
"How do I know if I should quit my job?",Unidentified
"Should I hire a personal trainer?",Unidentified
"Should I start a podcast?",Unidentified
"What’s the best way to spend a Sunday afternoon?",Unidentified
"How do I find new friends?",Unidentified
"Should I learn to cook?",Unidentified
"Do I need to make a to-do list?",Unidentified
"Should I move to a new city?",Unidentified
"How do I stop procrastinating?",Unidentified
"Should I switch to a plant-based diet?",Unidentified
"Should I take a break from social media?",Unidentified
"How do I know if I’m ready to settle down?",Unidentified
"Should I get a fitness tracker?",Unidentified
"Do I need to be more organized?",Unidentified
"Should I take a gap year?",Unidentified
"How do I manage my time better?",Unidentified
"Should I try a new workout routine?",Unidentified
"Can you recommend a good movie?",Unidentified
"Should I get a second opinion on my health?",Unidentified
"How do I stay motivated when I feel stuck?",Unidentified
"Should I buy a new phone?",Unidentified
"Where should I go on vacation this year?",Unidentified
"Should I start a YouTube channel?",Unidentified
"Do you think I should move to a different country?",Unidentified
"How do I keep my life organized?",Unidentified
"Should I learn how to code?",Unidentified
"Where can I find the best coffee in town?",Unidentified
"How do I know when it’s time for a career change?",Unidentified
"Should I buy a new car?",Unidentified
"Should I try online dating?",Unidentified
"Do I need to be more productive?",Unidentified
"How do I decide if I should take a new job?",Unidentified
"Should I go back to school?",Unidentified
"How do I deal with uncertainty?",Unidentified
"Should I cut my hair?",Unidentified
"Do I need to work on my communication skills?",Unidentified
"How do I find peace of mind?",Unidentified
"Should I get a dog or a cat?",Unidentified
"How do I get better at making decisions?",Unidentified
"Should I visit my family this weekend?",Unidentified
"How do I make a big decision?",Unidentified
"Should I get a gym membership?",Unidentified
"How do I know if I’m in the right relationship?",Unidentified
"Should I buy a new tablet?",Unidentified
"Do I need a vacation?",Unidentified
"Should I go to therapy?",Unidentified
"How do I handle stress better?",Unidentified
"Should I try a new type of cuisine?",Unidentified
"Where can I find good hiking spots?",Unidentified
"Should I redecorate my home?",Unidentified
"Do I need to save more money?",Unidentified
"How do I find my purpose in life?",Unidentified
"Should I try mindfulness?",Unidentified
"How do I know if I’m making the right choice?",Unidentified
"Should I buy a smartwatch?",Unidentified
"Where should I go for a quick getaway?",Unidentified
"How do I know if it’s time to let go?",Unidentified
"Should I take on a new hobby?",Unidentified
"Do I need a new wardrobe?",Unidentified
"How do I keep my mind sharp?",Unidentified
"Should I start a new project?",Unidentified
"How do I organize my workspace?",Unidentified
"Should I trust my gut feeling?",Unidentified
"How do I maintain a positive mindset?",Unidentified
"Should I travel more?",Unidentified
"Do I need to focus on self-care?",Unidentified
"Should I take a day off?",Unidentified
"How do I improve my sleep?",Unidentified
"Should I take a nap?",Unidentified
"How do I stay positive during tough times?",Unidentified
"Should I focus on my career or personal life?",Unidentified
"How do I know if I’m living my best life?",Unidentified
"Should I try therapy?",Unidentified
"How do I decide if I should move?",Unidentified
"Should I buy a new camera?",Unidentified
"How do I stop worrying?",Unidentified
"Should I upgrade my computer?",Unidentified
"How do I become more confident?",Unidentified
"Should I get a second opinion from a professional?",Unidentified
"How do I learn to trust others?",Unidentified
"Should I buy a new bike?",Unidentified
"How do I know if I should settle down?",Unidentified
"Should I invest in a new business?",Unidentified
"How do I make my daily routine more efficient?",Unidentified
"Should I start writing a book?",Unidentified
"How do I become more disciplined?",Unidentified
"Should I start a side hustle?",Unidentified
"How do I break a bad habit?",Unidentified
"Should I be more spontaneous?",Unidentified
"How do I know if I should go back to school?",Unidentified
"Should I get a new job?",Unidentified
"How do I make the most of my weekends?",Unidentified
"Should I stop overthinking?",Unidentified
"How do I keep myself motivated?",Unidentified
"Should I go for a walk?",Unidentified
"How do I decide if I’m ready for change?",Unidentified
"Should I spend more time with friends?",Unidentified
"How do I find balance between work and life?",Unidentified
"Should I upgrade my phone?",Unidentified
"How do I know when to say no?",Unidentified
"Should I take up gardening?",Unidentified
"How do I stay focused on my goals?",Unidentified
"Should I try something new?",Unidentified
"How do I deal with uncertainty?",Unidentified
"Should I make a vision board?",Unidentified
"How do I know if I’m being too hard on myself?",Unidentified
"Should I change my career?",Unidentified
"How do I get out of a rut?",Unidentified
"Should I start learning a new skill?",Unidentified
"How do I know if I’m ready to take the next step?",Unidentified
"Should I plan for the future or focus on the present?",Unidentified
"How do I make the most of my free time?",Unidentified
"Should I go out for dinner tonight?",Unidentified
"How do I maintain my productivity?",Unidentified
"Should I take a vacation?",Unidentified
"How do I deal with regrets?",Unidentified
"Should I move to a new place?",Unidentified
"How do I improve my decision-making?",Unidentified
"Should I focus on my strengths or weaknesses?",Unidentified
"How do I choose between two good options?",Unidentified
"Should I spend money on self-improvement?",Unidentified
"How do I let go of past mistakes?",Unidentified
"Should I take up a new sport?",Unidentified
"How do I maintain a healthy work-life balance?",Unidentified
"Should I change my daily routine?",Unidentified
"How do I stay inspired?",Unidentified
"Should I focus more on my career?",Unidentified
"How do I stay positive in challenging situations?",Unidentified
"Should I buy a new wardrobe?",Unidentified
"How do I stop overthinking decisions?",Unidentified
"Should I start journaling?",Unidentified
"How do I know if I’m ready to move forward?",Unidentified
"Should I invest in something new?",Unidentified
"How do I make better choices?",Unidentified
"Should I join a new community?",Unidentified
"How do I build new habits?",Unidentified
"Should I travel alone?",Unidentified
"How do I stay focused on my goals?",Unidentified
"Should I get a second opinion?",Unidentified
"I want to master the art of time management.",Mastery
"How do I become an expert in graphic design?",Mastery
"I need to improve my understanding of calculus.",Mastery
"How do I master public speaking?",Mastery
"I want to be an expert in data science.",Mastery
"How do I deepen my knowledge of history?",Mastery
"I need to become proficient in coding.",Mastery
"How do I master the principles of marketing?",Mastery
"I want to improve my photography skills.",Mastery
"How do I become an expert in artificial intelligence?",Mastery
"I want to learn how to perfect my writing skills.",Mastery
"How do I get better at strategic thinking?",Mastery
"I need to master the art of negotiation.",Mastery
"I want to improve my leadership skills.",Mastery
"How do I become an expert in digital marketing?",Mastery
"I want to perfect my understanding of economics.",Mastery
"How do I improve my research skills?",Mastery
"I want to be a master of time management.",Mastery
"How do I improve my understanding of advanced physics?",Mastery
"I need to become proficient in financial analysis.",Mastery
"How do I master the skills of creative thinking?",Mastery
"I want to understand the principles of effective communication.",Mastery
"How do I improve my problem-solving skills?",Mastery
"I want to master the art of negotiation.",Mastery
"How do I become an expert in project management?",Mastery
"I need to deepen my understanding of psychology.",Mastery
"How do I become a master at coding in Python?",Mastery
"I want to master the art of self-discipline.",Mastery
"How do I become proficient at problem-solving?",Mastery
"I need to master the concept of personal finance.",Mastery
"How do I deepen my understanding of human behavior?",Mastery
"I want to improve my emotional intelligence.",Mastery
"How do I become a better storyteller?",Mastery
"I need to perfect my communication skills.",Mastery
"I want to master the concepts of data analysis.",Mastery
"How do I become proficient in machine learning?",Mastery
"I need to master the principles of business strategy.",Mastery
"How do I deepen my understanding of world history?",Mastery
"I want to improve my decision-making abilities.",Mastery
"How do I become an expert in cybersecurity?",Mastery
"I need to improve my technical writing skills.",Mastery
"How do I become a better negotiator?",Mastery
"I want to master the art of critical thinking.",Mastery
"How do I deepen my understanding of environmental science?",Mastery
"I want to become proficient in business analytics.",Mastery
"How do I master the skills of conflict resolution?",Mastery
"I want to improve my social media marketing skills.",Mastery
"How do I master the art of storytelling?",Mastery
"I need to become an expert in web development.",Mastery
"How do I improve my skills in public relations?",Mastery
"I want to improve my understanding of literature.",Mastery
"How do I become an expert in product management?",Mastery
"I want to master the skills of effective teamwork.",Mastery
"How do I become proficient in digital photography?",Mastery
"I need to deepen my understanding of advanced mathematics.",Mastery
"How do I master the concepts of machine learning?",Mastery
"I want to become an expert in visual design.",Mastery
"How do I improve my understanding of artificial intelligence?",Mastery
"I need to master my public speaking skills.",Mastery
"How do I become proficient in web design?",Mastery
"I want to master the art of self-improvement.",Mastery
"How do I master financial planning?",Mastery
"I need to become better at learning new languages.",Mastery
"How do I improve my understanding of chemistry?",Mastery
"I want to master the principles of leadership.",Mastery
"How do I become an expert in video editing?",Mastery
"I want to improve my understanding of philosophy.",Mastery
"How do I master the skills of mindfulness?",Mastery
"I need to improve my negotiation tactics.",Mastery
"I want to master the principles of project management.",Mastery
"How do I become proficient in content creation?",Mastery
"I want to improve my understanding of human psychology.",Mastery
"How do I deepen my knowledge of philosophy?",Mastery
"I need to master the basics of machine learning.",Mastery
"I want to master the art of productivity.",Mastery
"How do I become an expert in software development?",Mastery
"I want to improve my public speaking confidence.",Mastery
"How do I improve my problem-solving abilities?",Mastery
"I need to become a master of financial analysis.",Mastery
"How do I improve my understanding of nutrition?",Mastery
"I want to become proficient in coding in JavaScript.",Mastery
"How do I master the skills of content marketing?",Mastery
"I need to improve my writing for technical subjects.",Mastery
"I want to become proficient in video production.",Mastery
"How do I become an expert in health and wellness?",Mastery
"I need to improve my understanding of artificial intelligence.",Mastery
"How do I become better at making decisions?",Mastery
"I want to deepen my understanding of political science.",Mastery
"How do I master the concepts of system administration?",Mastery
"I want to improve my understanding of leadership and management.",Mastery
"How do I become proficient in 3D modeling?",Mastery
"I want to improve my personal branding skills.",Mastery
"How do I become an expert in digital transformation?",Mastery
"I need to deepen my understanding of quantum mechanics.",Mastery
"How do I master project management tools?",Mastery
"I want to improve my coding skills in R.",Mastery
"How do I become proficient in business development?",Mastery
"I want to master the art of coaching.",Mastery
"How do I improve my strategic thinking skills?",Mastery
"I need to deepen my understanding of architecture.",Mastery
"How do I become better at time management?",Mastery
"I want to become an expert in AI and machine learning.",Mastery
"How do I master the principles of financial modeling?",Mastery
"I want to deepen my understanding of genetics.",Mastery
"How do I master the art of mentoring?",Mastery
"I need to improve my public relations strategies.",Mastery
"How do I become proficient in algorithm design?",Mastery
"I want to improve my writing for storytelling.",Mastery
"How do I master the principles of design thinking?",Mastery
"I need to become proficient in game development.",Mastery
"How do I become a master at productivity?",Mastery
"I want to deepen my understanding of human anatomy.",Mastery
"How do I improve my understanding of machine learning algorithms?",Mastery
"I need to master emotional intelligence.",Mastery
"How do I become an expert in digital design?",Mastery
"I want to become proficient in UI/UX design.",Mastery
"How do I master the skills of effective communication?",Mastery
"I need to improve my leadership and management skills.",Mastery
"How do I master personal finance?",Mastery
"I want to become an expert in customer service management.",Mastery
"How do I deepen my knowledge of cloud computing?",Mastery
"I want to improve my understanding of web development frameworks.",Mastery
"How do I master negotiation techniques?",Mastery
"I need to become proficient in artificial intelligence concepts.",Mastery
"How do I improve my knowledge of digital marketing?",Mastery
"I want to master the principles of ethical leadership.",Mastery
"How do I become proficient in data visualization?",Mastery
"I need to improve my understanding of cognitive science.",Mastery
"How do I become an expert in healthcare management?",Mastery
"I want to master the skills of critical thinking.",Mastery
"How do I deepen my understanding of data structures?",Mastery
"I want to become proficient in financial planning and budgeting.",Mastery
"How do I master the art of effective team building?",Mastery
"I want to improve my understanding of user experience design.",Mastery
"How do I become better at influencing people?",Mastery
"I need to improve my coding skills in C++.",Mastery
"How do I master the art of personal branding?",Mastery
"I want to deepen my understanding of data science techniques.",Mastery
"How do I become an expert in leadership development?",Mastery
"I need to master the art of persuasive writing.",Mastery
"How do I become proficient in public speaking and presentations?",Mastery
"I want to improve my skills in conflict management.",Mastery
"How do I become an expert in sustainable design?",Mastery
"I want to master financial forecasting techniques.",Mastery
"How do I become proficient in writing research papers?",Mastery
"I need to deepen my understanding of systems engineering.",Mastery
"How do I master the skills of self-motivation?",Mastery
"I want to become an expert in negotiation and conflict resolution.",Mastery
"How do I improve my understanding of international relations?",Mastery
"How do I deepen my knowledge of the human mind?",Mastery
"How do I master remote team management?",Mastery
"I want to become proficient in Java programming.",Mastery
"How do I master leadership skills in a virtual environment?",Mastery